,Prognozuojamas nacionalinis elektros energijos suvartojimas,Planuojamas nacionalinis elektros energijos suvartojimas,Faktinis nacionalinis Elektros energijos vartojimas
2024-07-01 00:00:00,1109,1005.17,1102.288
2024-07-01 01:00:00,1055,994.87,1052.747
2024-07-01 02:00:00,1032,991.37,1030.13
2024-07-01 03:00:00,1026,1024.27,1014.376
2024-07-01 04:00:00,1026,1042.27,999.818
2024-07-01 05:00:00,1063,1064.27,1053.644
2024-07-01 06:00:00,1230,1218.77,1258.675
2024-07-01 07:00:00,1381,1343.17,1438.769
2024-07-01 08:00:00,1494,1473.47,1626.658
2024-07-01 09:00:00,1555,1532.67,1732.993
2024-07-01 10:00:00,1576,1611.37,1731.444
2024-07-01 11:00:00,1577,1591.17,1670.45
2024-07-01 12:00:00,1563,1493.67,1651.178
2024-07-01 13:00:00,1578,1481.47,1693.221
2024-07-01 14:00:00,1553,1407.67,1763.347
2024-07-01 15:00:00,1528,1369.37,1760.792
2024-07-01 16:00:00,1502,1405.97,1650.076
2024-07-01 17:00:00,1458,1446.97,1561.623
2024-07-01 18:00:00,1440,1413.87,1492.754
2024-07-01 19:00:00,1428,1357.37,1429.136
2024-07-01 20:00:00,1411,1376.87,1363.344
2024-07-01 21:00:00,1382,1316.97,1348.061
2024-07-01 22:00:00,1329,1295.97,1321.252
2024-07-01 23:00:00,1219,1224.97,1232.9
2024-07-02 00:00:00,1118,1110.17,1123.947
2024-07-02 01:00:00,1056,1039.77,1054.727
2024-07-02 02:00:00,1022,997.97,1023.824
2024-07-02 03:00:00,1007,983.17,1007.47
2024-07-02 04:00:00,999,965.27,1001.986
2024-07-02 05:00:00,1022,992.27,1057.689
2024-07-02 06:00:00,1175,1177.37,1218.013
2024-07-02 07:00:00,1319,1353.77,1342.051
2024-07-02 08:00:00,1421,1470.67,1455.586
2024-07-02 09:00:00,1464,1523.07,1518.897
2024-07-02 10:00:00,1474,1528.37,1507.035
2024-07-02 11:00:00,1482,1540.37,1482.275
2024-07-02 12:00:00,1479,1529.27,1490.195
2024-07-02 13:00:00,1478,1547.77,1538.952
2024-07-02 14:00:00,1472,1489.27,1602.831
2024-07-02 15:00:00,1455,1475.67,1614.2
2024-07-02 16:00:00,1431,1491.47,1535.896
2024-07-02 17:00:00,1406,1470.27,1450.086
2024-07-02 18:00:00,1389,1446.27,1402.072
2024-07-02 19:00:00,1370,1414.47,1379.108
2024-07-02 20:00:00,1348,1393.27,1336.192
2024-07-02 21:00:00,1314,1387.07,1312.48
2024-07-02 22:00:00,1264,1328.37,1278.695
2024-07-02 23:00:00,1158,1214.27,1185.501
2024-07-03 00:00:00,1059,1088.97,1089.869
2024-07-03 01:00:00,1001,1033.27,1032.879
2024-07-03 02:00:00,971,1017.87,1004.448
2024-07-03 03:00:00,960,1009.17,986.758
2024-07-03 04:00:00,957,1013.37,991.163
2024-07-03 05:00:00,984,1019.37,1045.635
2024-07-03 06:00:00,1140,1186.77,1236.039
2024-07-03 07:00:00,1287,1357.37,1401.851
2024-07-03 08:00:00,1395,1473.27,1522.074
2024-07-03 09:00:00,1443,1558.77,1557.297
2024-07-03 10:00:00,1445,1586.27,1582.411
2024-07-03 11:00:00,1465,1527.37,1572.699
2024-07-03 12:00:00,1454,1580.37,1504.044
2024-07-03 13:00:00,1453,1552.07,1489.187
2024-07-03 14:00:00,1431,1475.37,1605.413
2024-07-03 15:00:00,1411,1477.27,1544.109
2024-07-03 16:00:00,1399,1491.17,1487.201
2024-07-03 17:00:00,1381,1430.77,1461.868
2024-07-03 18:00:00,1362,1432.17,1474.419
2024-07-03 19:00:00,1355,1426.17,1441.302
2024-07-03 20:00:00,1338,1428.67,1372.24
2024-07-03 21:00:00,1313,1391.97,1332.307
2024-07-03 22:00:00,1268,1332.87,1294.504
2024-07-03 23:00:00,1165,1229.47,1206.864
2024-07-04 00:00:00,1069,1124.97,1116.987
2024-07-04 01:00:00,1015,1047.97,1068.384
2024-07-04 02:00:00,987,1019.97,1035.043
2024-07-04 03:00:00,979,1005.97,1019.935
2024-07-04 04:00:00,976,995.77,1019.161
2024-07-04 05:00:00,1003,1026.67,1060.069
2024-07-04 06:00:00,1159,1193.47,1243.912
2024-07-04 07:00:00,1305,1337.97,1414.661
2024-07-04 08:00:00,1415,1458.37,1547.353
2024-07-04 09:00:00,1458,1524.37,1578.761
2024-07-04 10:00:00,1468,1560.77,1550.24
2024-07-04 11:00:00,1480,1575.67,1511.809
2024-07-04 12:00:00,1475,1581.37,1517.231
2024-07-04 13:00:00,1483,1565.07,1582.186
2024-07-04 14:00:00,1475,1552.67,1574.371
2024-07-04 15:00:00,1459,1528.27,1513.659
2024-07-04 16:00:00,1425,1471.37,1483.273
2024-07-04 17:00:00,1394,1475.27,1491.984
2024-07-04 18:00:00,1389,1468.67,1404.634
2024-07-04 19:00:00,1369,1435.57,1413.843
2024-07-04 20:00:00,1352,1430.07,1368.906
2024-07-04 21:00:00,1320,1396.17,1329.66
2024-07-04 22:00:00,1274,1323.77,1301.477
2024-07-04 23:00:00,1169,1201.57,1212.627
2024-07-05 00:00:00,1068,1138.37,1117.326
2024-07-05 01:00:00,1017,1062.87,1059.001
2024-07-05 02:00:00,986,1015.97,1024.664
2024-07-05 03:00:00,975,990.57,1010.85
2024-07-05 04:00:00,971,1012.27,1003.474
2024-07-05 05:00:00,996,1034.37,1052.048
2024-07-05 06:00:00,1141,1197.57,1250.191
2024-07-05 07:00:00,1280,1334.07,1424.787
2024-07-05 08:00:00,1389,1455.07,1517.595
2024-07-05 09:00:00,1435,1514.47,1561.605
2024-07-05 10:00:00,1436,1531.67,1540.839
2024-07-05 11:00:00,1434,1544.67,1466.054
2024-07-05 12:00:00,1433,1545.77,1419.451
2024-07-05 13:00:00,1436,1511.07,1340.744
2024-07-05 14:00:00,1404,1438.67,1282.766
2024-07-05 15:00:00,1378,1456.27,1280.864
2024-07-05 16:00:00,1356,1343.77,1218.195
2024-07-05 17:00:00,1333,1321.47,1214.089
2024-07-05 18:00:00,1322,1324.87,1282.117
2024-07-05 19:00:00,1309,1311.37,1356.331
2024-07-05 20:00:00,1290,1310.67,1292.825
2024-07-05 21:00:00,1257,1320.17,1246.033
2024-07-05 22:00:00,1223,1490.17,1235.782
2024-07-05 23:00:00,1143,1217.37,1183.856
2024-07-06 00:00:00,1044,1104.97,1114.551
2024-07-06 01:00:00,976,1029.37,1039.947
2024-07-06 02:00:00,940,1003.37,1006.671
2024-07-06 03:00:00,922,997.07,981.997
2024-07-06 04:00:00,908,922.07,946.131
2024-07-06 05:00:00,899,924.17,981.902
2024-07-06 06:00:00,949,978.77,1100.49
2024-07-06 07:00:00,1022,1057.47,1111.829
2024-07-06 08:00:00,1103,1174.17,1125.714
2024-07-06 09:00:00,1179,1259.87,1142.481
2024-07-06 10:00:00,1218,1303.67,1099.155
2024-07-06 11:00:00,1237,1280.97,1141.793
2024-07-06 12:00:00,1245,1238.77,1153.862
2024-07-06 13:00:00,1244,1222.37,1102.261
2024-07-06 14:00:00,1223,1232.87,1059.53
2024-07-06 15:00:00,1200,1295.07,1039.007
2024-07-06 16:00:00,1203,1206.47,1031.992
2024-07-06 17:00:00,1211,1150.37,1049.31
2024-07-06 18:00:00,1220,1132.27,1146.012
2024-07-06 19:00:00,1225,1242.27,1334.589
2024-07-06 20:00:00,1227,1254.07,1462.241
2024-07-06 21:00:00,1227,1226.97,1349.814
2024-07-06 22:00:00,1227,1252.67,1203.646
2024-07-06 23:00:00,1135,1251.57,1168.223
2024-07-07 00:00:00,1069,1075.37,1068.594
2024-07-07 01:00:00,1018,1001.37,1019.406
2024-07-07 02:00:00,990,951.07,989.502
2024-07-07 03:00:00,976,970.27,956.519
2024-07-07 04:00:00,963,925.07,928.867
2024-07-07 05:00:00,953,895.27,941.909
2024-07-07 06:00:00,989,946.17,1008.412
2024-07-07 07:00:00,1047,1025.17,1040.001
2024-07-07 08:00:00,1136,1108.27,1096.535
2024-07-07 09:00:00,1227,1212.37,1131.289
2024-07-07 10:00:00,1280,1183.97,1187.418
2024-07-07 11:00:00,1295,1194.27,1275.559
2024-07-07 12:00:00,1314,1196.97,1363.894
2024-07-07 13:00:00,1320,1234.67,1417.837
2024-07-07 14:00:00,1316,1290.27,1410.745
2024-07-07 15:00:00,1298,1318.97,1470.767
2024-07-07 16:00:00,1290,1331.37,1358.294
2024-07-07 17:00:00,1291,1293.47,1296.521
2024-07-07 18:00:00,1293,1288.27,1353.605
2024-07-07 19:00:00,1302,1259.07,1355.18
2024-07-07 20:00:00,1295,1263.57,1303.041
2024-07-07 21:00:00,1281,1250.77,1272.371
2024-07-07 22:00:00,1246,1222.97,1241.213
2024-07-07 23:00:00,1157,1158.57,1154.422
2024-07-08 00:00:00,1060,1044.57,1066.482
2024-07-08 01:00:00,1000,986.57,1028.91
2024-07-08 02:00:00,971,945.57,996.882
2024-07-08 03:00:00,956,922.27,975.898
2024-07-08 04:00:00,951,929.07,983.04
2024-07-08 05:00:00,982,969.77,1028.92
2024-07-08 06:00:00,1142,1182.87,1229.618
2024-07-08 07:00:00,1291,1311.07,1449.854
2024-07-08 08:00:00,1408,1460.97,1500.619
2024-07-08 09:00:00,1461,1513.97,1430.139
2024-07-08 10:00:00,1474,1511.17,1394.452
2024-07-08 11:00:00,1474,1448.77,1372.323
2024-07-08 12:00:00,1462,1427.57,1358.158
2024-07-08 13:00:00,1469,1469.07,1328.107
2024-07-08 14:00:00,1449,1463.77,1292.71
2024-07-08 15:00:00,1422,1456.67,1278.614
2024-07-08 16:00:00,1396,1416.87,1273.972
2024-07-08 17:00:00,1380,1388.27,1286.939
2024-07-08 18:00:00,1377,1323.37,1363.025
2024-07-08 19:00:00,1377,1358.17,1403.07
2024-07-08 20:00:00,1366,1380.37,1389.3
2024-07-08 21:00:00,1343,1349.57,1374.274
2024-07-08 22:00:00,1300,1284.77,1341.363
2024-07-08 23:00:00,1194,1232.27,1228.028
2024-07-09 00:00:00,1096,1146.77,1112.439
2024-07-09 01:00:00,1040,1065.77,1041.85
2024-07-09 02:00:00,1010,1017.47,1008.085
2024-07-09 03:00:00,1002,1002.37,990.206
2024-07-09 04:00:00,999,988.17,987.626
2024-07-09 05:00:00,1025,1013.27,1047.987
2024-07-09 06:00:00,1179,1175.97,1250.227
2024-07-09 07:00:00,1325,1331.87,1387.706
2024-07-09 08:00:00,1434,1443.07,1436.669
2024-07-09 09:00:00,1481,1523.17,1451.942
2024-07-09 10:00:00,1487,1510.67,1452.003
2024-07-09 11:00:00,1497,1498.27,1453.945
2024-07-09 12:00:00,1494,1550.17,1446.561
2024-07-09 13:00:00,1513,1550.87,1477.179
2024-07-09 14:00:00,1508,1540.07,1476.481
2024-07-09 15:00:00,1483,1494.87,1493.934
2024-07-09 16:00:00,1458,1490.97,1449.755
2024-07-09 17:00:00,1442,1471.47,1397.76
2024-07-09 18:00:00,1437,1429.37,1424.11
2024-07-09 19:00:00,1423,1398.77,1458.015
2024-07-09 20:00:00,1407,1424.87,1438.234
2024-07-09 21:00:00,1379,1400.67,1400.545
2024-07-09 22:00:00,1335,1378.57,1372.022
2024-07-09 23:00:00,1227,1228.97,1269.91
2024-07-10 00:00:00,1128,1110.17,1150.683
2024-07-10 01:00:00,1072,1069.47,1074.809
2024-07-10 02:00:00,1043,1016.37,1032.59
2024-07-10 03:00:00,1032,986.37,1016.629
2024-07-10 04:00:00,1031,989.47,1015.193
2024-07-10 05:00:00,1059,1009.97,1068.916
2024-07-10 06:00:00,1212,1181.07,1272.137
2024-07-10 07:00:00,1356,1328.17,1450.017
2024-07-10 08:00:00,1466,1454.77,1554.092
2024-07-10 09:00:00,1510,1531.27,1605.637
2024-07-10 10:00:00,1516,1556.97,1561.368
2024-07-10 11:00:00,1522,1600.47,1457.524
2024-07-10 12:00:00,1514,1554.37,1410.657
2024-07-10 13:00:00,1529,1545.67,1410.217
2024-07-10 14:00:00,1511,1545.87,1377.316
2024-07-10 15:00:00,1495,1556.87,1348.26
2024-07-10 16:00:00,1465,1445.77,1357.564
2024-07-10 17:00:00,1449,1429.97,1347.958
2024-07-10 18:00:00,1445,1390.07,1440.502
2024-07-10 19:00:00,1437,1433.27,1515.649
2024-07-10 20:00:00,1425,1439.27,1491.232
2024-07-10 21:00:00,1400,1429.77,1450.387
2024-07-10 22:00:00,1356,1381.57,1407.793
2024-07-10 23:00:00,1248,1311.57,1276.168
2024-07-11 00:00:00,1148,1141.27,1161.839
2024-07-11 01:00:00,1091,1076.67,1089.328
2024-07-11 02:00:00,1061,1068.07,1080.416
2024-07-11 03:00:00,1049,1049.17,1076.992
2024-07-11 04:00:00,1047,1054.97,1064.526
2024-07-11 05:00:00,1073,1065.87,1109.811
2024-07-11 06:00:00,1225,1244.37,1299.71
2024-07-11 07:00:00,1369,1399.87,1465.616
2024-07-11 08:00:00,1479,1556.57,1543.867
2024-07-11 09:00:00,1526,1677.67,1623.87
2024-07-11 10:00:00,1528,1748.67,1632.164
2024-07-11 11:00:00,1540,1841.87,1505.566
2024-07-11 12:00:00,1526,1711.77,1460.017
2024-07-11 13:00:00,1546,1675.57,1539.603
2024-07-11 14:00:00,1530,1639.77,1582.367
2024-07-11 15:00:00,1517,1577.07,1595.303
2024-07-11 16:00:00,1498,1608.57,1671.642
2024-07-11 17:00:00,1479,1734.67,1705.192
2024-07-11 18:00:00,1469,1854.87,1690.697
2024-07-11 19:00:00,1446,1784.67,1566.471
2024-07-11 20:00:00,1425,1487.77,1495.658
2024-07-11 21:00:00,1396,1461.67,1439.054
2024-07-11 22:00:00,1345,1406.77,1375.038
2024-07-11 23:00:00,1233,1427.47,1260.02
2024-07-12 00:00:00,1130,1295.17,1169.008
2024-07-12 01:00:00,1072,1111.17,1115.828
2024-07-12 02:00:00,1038,1069.87,1085.586
2024-07-12 03:00:00,1029,1051.07,1070.537
2024-07-12 04:00:00,1025,1038.97,1069.991
2024-07-12 05:00:00,1048,1071.27,1107.635
2024-07-12 06:00:00,1191,1236.07,1284.733
2024-07-12 07:00:00,1337,1393.37,1462.771
2024-07-12 08:00:00,1447,1518.17,1650.195
2024-07-12 09:00:00,1498,1573.37,1749.79
2024-07-12 10:00:00,1509,1597.67,1705.622
2024-07-12 11:00:00,1517,1649.07,1642.214
2024-07-12 12:00:00,1509,1702.37,1596.97
2024-07-12 13:00:00,1509,1677.57,1609.919
2024-07-12 14:00:00,1480,1594.17,1552.147
2024-07-12 15:00:00,1442,1604.37,1497.459
2024-07-12 16:00:00,1414,1544.67,1400.81
2024-07-12 17:00:00,1403,1486.07,1385.672
2024-07-12 18:00:00,1392,1477.87,1422.201
2024-07-12 19:00:00,1373,1423.77,1482.78
2024-07-12 20:00:00,1355,1412.87,1456.723
2024-07-12 21:00:00,1321,1364.27,1402.37
2024-07-12 22:00:00,1291,1318.87,1373.245
2024-07-12 23:00:00,1206,1292.47,1289.821
2024-07-13 00:00:00,1126,1236.67,1196.969
2024-07-13 01:00:00,1065,1155.17,1108.551
2024-07-13 02:00:00,1032,1079.67,1071.185
2024-07-13 03:00:00,1016,1065.27,1044.254
2024-07-13 04:00:00,1002,960.07,1018.621
2024-07-13 05:00:00,991,951.07,1013.062
2024-07-13 06:00:00,1038,1011.77,1061.314
2024-07-13 07:00:00,1114,1119.27,1148.51
2024-07-13 08:00:00,1213,1231.57,1346.062
2024-07-13 09:00:00,1297,1270.07,1583.348
2024-07-13 10:00:00,1339,1301.57,1703.994
2024-07-13 11:00:00,1351,1464.57,1633.296
2024-07-13 12:00:00,1354,1395.07,1430.612
2024-07-13 13:00:00,1355,1406.37,1310.38
2024-07-13 14:00:00,1334,1395.37,1239.967
2024-07-13 15:00:00,1296,1379.57,1204.863
2024-07-13 16:00:00,1287,1352.97,1234.221
2024-07-13 17:00:00,1277,1301.27,1248.308
2024-07-13 18:00:00,1278,1255.97,1299.668
2024-07-13 19:00:00,1277,1215.67,1330.543
2024-07-13 20:00:00,1272,1161.57,1345.526
2024-07-13 21:00:00,1261,1209.17,1307.363
2024-07-13 22:00:00,1240,1214.07,1279.768
2024-07-13 23:00:00,1174,1143.87,1220.174
2024-07-14 00:00:00,1087,947.57,1144.496
2024-07-14 01:00:00,1032,1028.77,1082.262
2024-07-14 02:00:00,999,996.87,1035.658
2024-07-14 03:00:00,981,991.57,1011.231
2024-07-14 04:00:00,965,984.47,985.774
2024-07-14 05:00:00,951,953.67,1003.36
2024-07-14 06:00:00,980,987.77,1091.026
2024-07-14 07:00:00,1032,1067.47,1164.245
2024-07-14 08:00:00,1114,1167.67,1223.91
2024-07-14 09:00:00,1201,1252.17,1257.869
2024-07-14 10:00:00,1255,1331.67,1265.286
2024-07-14 11:00:00,1271,1404.67,1272.292
2024-07-14 12:00:00,1282,1400.97,1304.834
2024-07-14 13:00:00,1285,1405.77,1442.519
2024-07-14 14:00:00,1282,1345.77,1438.183
2024-07-14 15:00:00,1283,1362.97,1352.293
2024-07-14 16:00:00,1274,1385.27,1220.396
2024-07-14 17:00:00,1278,1377.07,1139.594
2024-07-14 18:00:00,1277,1351.17,1157.114
2024-07-14 19:00:00,1275,1297.37,1261.731
2024-07-14 20:00:00,1270,1285.17,1288.824
2024-07-14 21:00:00,1256,1272.57,1282.997
2024-07-14 22:00:00,1223,1265.87,1275.459
2024-07-14 23:00:00,1131,1180.87,1193.588
2024-07-15 00:00:00,1035,1108.77,1097.323
2024-07-15 01:00:00,978,1037.57,1029.035
2024-07-15 02:00:00,950,1005.77,992.633
2024-07-15 03:00:00,939,991.87,978.081
2024-07-15 04:00:00,938,974.97,970.52
2024-07-15 05:00:00,970,1005.77,1022.668
2024-07-15 06:00:00,1124,1169.07,1222.945
2024-07-15 07:00:00,1274,1331.27,1391.791
2024-07-15 08:00:00,1395,1465.57,1545.558
2024-07-15 09:00:00,1453,1522.87,1665.935
2024-07-15 10:00:00,1472,1570.57,1713.552
2024-07-15 11:00:00,1477,1571.37,1737.932
2024-07-15 12:00:00,1469,1585.57,1591.76
2024-07-15 13:00:00,1483,1670.57,1587.066
2024-07-15 14:00:00,1468,1575.37,1473.709
2024-07-15 15:00:00,1447,1560.67,1377.388
2024-07-15 16:00:00,1424,1523.67,1364.116
2024-07-15 17:00:00,1406,1496.37,1398.216
2024-07-15 18:00:00,1406,1455.37,1435.053
2024-07-15 19:00:00,1400,1425.57,1500.315
2024-07-15 20:00:00,1386,1393.77,1476.209
2024-07-15 21:00:00,1366,1360.97,1433.619
2024-07-15 22:00:00,1324,1341.47,1404.389
2024-07-15 23:00:00,1213,1228.97,1299.002
2024-07-16 00:00:00,1115,1144.37,1190.508
2024-07-16 01:00:00,1060,1085.67,1100.313
2024-07-16 02:00:00,1032,1053.07,1068.795
2024-07-16 03:00:00,1022,1033.47,1059.774
2024-07-16 04:00:00,1023,1007.37,1054.108
2024-07-16 05:00:00,1049,1064.57,1111.804
2024-07-16 06:00:00,1200,1216.47,1315.131
2024-07-16 07:00:00,1342,1342.57,1500.039
2024-07-16 08:00:00,1454,1453.07,1572.103
2024-07-16 09:00:00,1503,1493.67,1537.012
2024-07-16 10:00:00,1514,1577.77,1509.026
2024-07-16 11:00:00,1524,1554.27,1511.383
2024-07-16 12:00:00,1514,1614.87,1493.733
2024-07-16 13:00:00,1534,1595.07,1551.992
2024-07-16 14:00:00,1518,1575.27,1566.953
2024-07-16 15:00:00,1504,1542.27,1487.317
2024-07-16 16:00:00,1475,1494.17,1450.894
2024-07-16 17:00:00,1467,1549.67,1422.103
2024-07-16 18:00:00,1457,1480.17,1490.029
2024-07-16 19:00:00,1450,1478.67,1575.765
2024-07-16 20:00:00,1436,1443.17,1544.016
2024-07-16 21:00:00,1411,1427.87,1478.868
2024-07-16 22:00:00,1367,1420.87,1437.01
2024-07-16 23:00:00,1252,1208.97,1309.063
2024-07-17 00:00:00,1154,1166.97,1204.811
2024-07-17 01:00:00,1097,1101.17,1157.812
2024-07-17 02:00:00,1067,1085.07,1116.425
2024-07-17 03:00:00,1056,1102.07,1102.782
2024-07-17 04:00:00,1057,1121.17,1098.617
2024-07-17 05:00:00,1081,1136.57,1114.837
2024-07-17 06:00:00,1234,1308.37,1291.039
2024-07-17 07:00:00,1376,1410.77,1492.48
2024-07-17 08:00:00,1490,1511.57,1651.212
2024-07-17 09:00:00,1536,1508.47,1717.381
2024-07-17 10:00:00,1540,1604.07,1717.558
2024-07-17 11:00:00,1541,1661.77,1672.043
2024-07-17 12:00:00,1530,1693.97,1596.956
2024-07-17 13:00:00,1544,1675.47,1598.22
2024-07-17 14:00:00,1521,1651.47,1514.017
2024-07-17 15:00:00,1506,1603.87,1478.426
2024-07-17 16:00:00,1472,1574.57,1427.952
2024-07-17 17:00:00,1453,1445.47,1428.086
2024-07-17 18:00:00,1445,1494.07,1499.003
2024-07-17 19:00:00,1434,1467.87,1563.094
2024-07-17 20:00:00,1419,1451.17,1519.56
2024-07-17 21:00:00,1396,1422.97,1472.843
2024-07-17 22:00:00,1347,1409.97,1421.68
2024-07-17 23:00:00,1230,1286.97,1316.594
2024-07-18 00:00:00,1130,1210.27,1210.264
2024-07-18 01:00:00,1073,1104.37,1125.889
2024-07-18 02:00:00,1042,1107.17,1098.534
2024-07-18 03:00:00,1033,1064.87,1096.365
2024-07-18 04:00:00,1032,1046.87,1102.096
2024-07-18 05:00:00,1055,1053.87,1144.912
2024-07-18 06:00:00,1202,1207.57,1320.302
2024-07-18 07:00:00,1342,1365.17,1515.56
2024-07-18 08:00:00,1454,1478.47,1613.765
2024-07-18 09:00:00,1505,1542.77,1676.925
2024-07-18 10:00:00,1511,1590.07,1667.11
2024-07-18 11:00:00,1510,1654.87,1661.41
2024-07-18 12:00:00,1504,1595.57,1642.283
2024-07-18 13:00:00,1514,1613.97,1643.773
2024-07-18 14:00:00,1494,1607.67,1640.272
2024-07-18 15:00:00,1477,1614.37,1601.524
2024-07-18 16:00:00,1445,1583.67,1521.5
2024-07-18 17:00:00,1423,1540.87,1436.44
2024-07-18 18:00:00,1418,1547.67,1449.826
2024-07-18 19:00:00,1398,1474.57,1479.735
2024-07-18 20:00:00,1384,1458.57,1450.718
2024-07-18 21:00:00,1361,1416.47,1413.745
2024-07-18 22:00:00,1317,1379.37,1372.677
2024-07-18 23:00:00,1200,1276.17,1273.476
2024-07-19 00:00:00,1099,1167.57,1180.816
2024-07-19 01:00:00,1040,1067.27,1090.842
2024-07-19 02:00:00,1005,1041.77,1062.994
2024-07-19 03:00:00,992,1059.17,1042.78
2024-07-19 04:00:00,990,1044.77,1042.219
2024-07-19 05:00:00,1012,1040.77,1094.68
2024-07-19 06:00:00,1151,1204.97,1303.002
2024-07-19 07:00:00,1288,1363.87,1419.39
2024-07-19 08:00:00,1394,1509.37,1515.053
2024-07-19 09:00:00,1445,1564.07,1566.111
2024-07-19 10:00:00,1461,1606.77,1552.744
2024-07-19 11:00:00,1470,1644.47,1513.596
2024-07-19 12:00:00,1464,1617.27,1459.876
2024-07-19 13:00:00,1467,1592.87,1436.512
2024-07-19 14:00:00,1439,1557.47,1394.946
2024-07-19 15:00:00,1409,1556.97,1358.524
2024-07-19 16:00:00,1399,1543.47,1339.041
2024-07-19 17:00:00,1379,1509.77,1310.123
2024-07-19 18:00:00,1366,1465.17,1331.945
2024-07-19 19:00:00,1349,1425.77,1383.332
2024-07-19 20:00:00,1329,1409.67,1366.014
2024-07-19 21:00:00,1298,1370.27,1334.11
2024-07-19 22:00:00,1270,1360.87,1312.057
2024-07-19 23:00:00,1178,1261.07,1218.658
2024-07-20 00:00:00,1095,1163.77,1121.441
2024-07-20 01:00:00,1031,1072.37,1055.2
2024-07-20 02:00:00,998,1047.77,1023.349
2024-07-20 03:00:00,979,1034.67,1005.537
2024-07-20 04:00:00,966,1009.87,995.628
2024-07-20 05:00:00,952,1000.77,1012.277
2024-07-20 06:00:00,992,1048.27,1124.778
2024-07-20 07:00:00,1061,1120.27,1226.802
2024-07-20 08:00:00,1153,1225.37,1311.87
2024-07-20 09:00:00,1231,1315.77,1340.837
2024-07-20 10:00:00,1272,1395.87,1303.926
2024-07-20 11:00:00,1285,1322.77,1304.467
2024-07-20 12:00:00,1308,1395.17,1324.856
2024-07-20 13:00:00,1300,1374.87,1244.686
2024-07-20 14:00:00,1278,1344.07,1172.967
2024-07-20 15:00:00,1234,1297.17,1204.877
2024-07-20 16:00:00,1229,1252.97,1283.205
2024-07-20 17:00:00,1230,1196.57,1303.467
2024-07-20 18:00:00,1237,1226.87,1314.745
2024-07-20 19:00:00,1242,1317.87,1314.708
2024-07-20 20:00:00,1237,1309.37,1292.001
2024-07-20 21:00:00,1230,1276.17,1260.906
2024-07-20 22:00:00,1211,1277.37,1247.361
2024-07-20 23:00:00,1139,1195.27,1174.502
2024-07-21 00:00:00,1064,1129.97,1086.408
2024-07-21 01:00:00,1009,1039.47,1023.134
2024-07-21 02:00:00,979,999.17,990.163
2024-07-21 03:00:00,961,977.67,960.158
2024-07-21 04:00:00,948,959.47,945.582
2024-07-21 05:00:00,937,947.77,956.918
2024-07-21 06:00:00,968,982.27,1056.862
2024-07-21 07:00:00,1022,1045.37,1108.053
2024-07-21 08:00:00,1110,1131.67,1131.397
2024-07-21 09:00:00,1195,1241.07,1178.674
2024-07-21 10:00:00,1248,1340.97,1159.023
2024-07-21 11:00:00,1262,1396.97,1172.721
2024-07-21 12:00:00,1264,1356.37,1194.568
2024-07-21 13:00:00,1259,1339.77,1203.017
2024-07-21 14:00:00,1252,1325.97,1188.179
2024-07-21 15:00:00,1251,1331.27,1172.994
2024-07-21 16:00:00,1249,1307.27,1209.488
2024-07-21 17:00:00,1261,1312.37,1256.308
2024-07-21 18:00:00,1278,1334.47,1311.716
2024-07-21 19:00:00,1298,1301.17,1335.508
2024-07-21 20:00:00,1298,1298.67,1312.053
2024-07-21 21:00:00,1294,1306.87,1291.204
2024-07-21 22:00:00,1260,1263.67,1269.198
2024-07-21 23:00:00,1161,1183.87,1169.076
2024-07-22 00:00:00,1066,1090.97,1073.635
2024-07-22 01:00:00,1012,1029.17,1014.589
2024-07-22 02:00:00,984,993.17,988.893
2024-07-22 03:00:00,971,976.77,975.295
2024-07-22 04:00:00,973,970.27,974.6
2024-07-22 05:00:00,1004,995.47,1027.832
2024-07-22 06:00:00,1153,1144.17,1243.219
2024-07-22 07:00:00,1303,1303.57,1378.353
2024-07-22 08:00:00,1426,1444.57,1443.904
2024-07-22 09:00:00,1483,1524.77,1462.366
2024-07-22 10:00:00,1495,1545.47,1440.051
2024-07-22 11:00:00,1501,1552.07,1460.117
2024-07-22 12:00:00,1488,1552.17,1478.2
2024-07-22 13:00:00,1503,1577.57,1503.037
2024-07-22 14:00:00,1480,1591.67,1473.997
2024-07-22 15:00:00,1461,1598.87,1488.234
2024-07-22 16:00:00,1437,1572.47,1481.271
2024-07-22 17:00:00,1422,1512.17,1451.861
2024-07-22 18:00:00,1422,1480.77,1465.413
2024-07-22 19:00:00,1417,1422.97,1515.106
2024-07-22 20:00:00,1409,1303.37,1499.894
2024-07-22 21:00:00,1390,1435.37,1457.77
2024-07-22 22:00:00,1345,1385.87,1418.995
2024-07-22 23:00:00,1230,1317.77,1290.434
2024-07-23 00:00:00,1134,1196.87,1171.292
2024-07-23 01:00:00,1080,1135.17,1090.84
2024-07-23 02:00:00,1051,1100.17,1064.031
2024-07-23 03:00:00,1041,1079.37,1055.62
2024-07-23 04:00:00,1045,1036.27,1051.236
2024-07-23 05:00:00,1070,1046.37,1081.046
2024-07-23 06:00:00,1216,1189.57,1231.368
2024-07-23 07:00:00,1357,1337.77,1406.797
2024-07-23 08:00:00,1472,1462.57,1531.769
2024-07-23 09:00:00,1520,1488.17,1586.974
2024-07-23 10:00:00,1530,1496.37,1573.37
2024-07-23 11:00:00,1542,1525.67,1683.388
2024-07-23 12:00:00,1537,1536.87,1718.911
2024-07-23 13:00:00,1548,1550.87,1708.39
2024-07-23 14:00:00,1509,1526.37,1717.475
2024-07-23 15:00:00,1476,1502.17,1749.196
2024-07-23 16:00:00,1465,1484.67,1663.048
2024-07-23 17:00:00,1462,1456.67,1573.135
2024-07-23 18:00:00,1433,1479.77,1532.601
2024-07-23 19:00:00,1414,1465.77,1475.117
2024-07-23 20:00:00,1401,1437.87,1451.738
2024-07-23 21:00:00,1381,1392.37,1420.297
2024-07-23 22:00:00,1335,1335.77,1365.996
2024-07-23 23:00:00,1211,1262.17,1229.552
2024-07-24 00:00:00,1114,1196.27,1134.534
2024-07-24 01:00:00,1056,1081.27,1079.776
2024-07-24 02:00:00,1027,1045.57,1049.665
2024-07-24 03:00:00,1014,1042.97,1033.937
2024-07-24 04:00:00,1016,1022.07,1026.56
2024-07-24 05:00:00,1040,1046.47,1068.691
2024-07-24 06:00:00,1185,1197.77,1255.387
2024-07-24 07:00:00,1328,1338.37,1459.267
2024-07-24 08:00:00,1440,1455.27,1607.721
2024-07-24 09:00:00,1491,1535.47,1657.731
2024-07-24 10:00:00,1505,1576.57,1621.462
2024-07-24 11:00:00,1513,1633.27,1632.303
2024-07-24 12:00:00,1509,1638.37,1637.212
2024-07-24 13:00:00,1524,1611.67,1677.834
2024-07-24 14:00:00,1500,1565.67,1633.126
2024-07-24 15:00:00,1469,1525.77,1578.858
2024-07-24 16:00:00,1438,1485.77,1509.048
2024-07-24 17:00:00,1418,1484.57,1464.281
2024-07-24 18:00:00,1418,1444.57,1422.069
2024-07-24 19:00:00,1402,1398.67,1414.762
2024-07-24 20:00:00,1389,1382.27,1424.41
2024-07-24 21:00:00,1367,1428.67,1414.078
2024-07-24 22:00:00,1320,1347.57,1357.979
2024-07-24 23:00:00,1198,1157.67,1237.924
2024-07-25 00:00:00,1106,1113.27,1143.185
2024-07-25 01:00:00,1050,1061.27,1085.328
2024-07-25 02:00:00,1021,1015.87,1063.052
2024-07-25 03:00:00,1004,1022.47,1050.557
2024-07-25 04:00:00,1008,1029.17,1051.821
2024-07-25 05:00:00,1031,1063.67,1070.496
2024-07-25 06:00:00,1181,1188.67,1204.958
2024-07-25 07:00:00,1327,1356.27,1384.744
2024-07-25 08:00:00,1442,1469.07,1514.292
2024-07-25 09:00:00,1495,1562.77,1579.564
2024-07-25 10:00:00,1509,1602.37,1639.791
2024-07-25 11:00:00,1521,1621.07,1630.378
2024-07-25 12:00:00,1522,1585.37,1581.926
2024-07-25 13:00:00,1524,1550.67,1612.841
2024-07-25 14:00:00,1480,1566.27,1692.08
2024-07-25 15:00:00,1470,1542.47,1586.697
2024-07-25 16:00:00,1459,1538.17,1589.359
2024-07-25 17:00:00,1438,1484.97,1596.054
2024-07-25 18:00:00,1423,1475.17,1526.839
2024-07-25 19:00:00,1402,1469.07,1474.4
2024-07-25 20:00:00,1382,1450.07,1432.027
2024-07-25 21:00:00,1360,1419.67,1397.432
2024-07-25 22:00:00,1312,1334.67,1345.163
2024-07-25 23:00:00,1187,1218.47,1240.45
2024-07-26 00:00:00,1094,1134.47,1148.392
2024-07-26 01:00:00,1038,1100.37,1073.182
2024-07-26 02:00:00,1007,1037.57,1046.947
2024-07-26 03:00:00,999,1032.77,1037.347
2024-07-26 04:00:00,1002,1051.07,1036.31
2024-07-26 05:00:00,1027,1070.37,1061.198
2024-07-26 06:00:00,1163,1178.97,1208.892
2024-07-26 07:00:00,1306,1325.67,1393.661
2024-07-26 08:00:00,1419,1445.37,1547.358
2024-07-26 09:00:00,1482,1529.57,1648.166
2024-07-26 10:00:00,1496,1556.17,1644.772
2024-07-26 11:00:00,1519,1608.27,1641.633
2024-07-26 12:00:00,1511,1587.87,1611.447
2024-07-26 13:00:00,1504,1560.67,1592.509
2024-07-26 14:00:00,1468,1538.67,1530.402
2024-07-26 15:00:00,1438,1515.37,1432.196
2024-07-26 16:00:00,1392,1500.07,1388.328
2024-07-26 17:00:00,1376,1463.67,1455.049
2024-07-26 18:00:00,1365,1432.67,1427.526
2024-07-26 19:00:00,1346,1416.87,1435.863
2024-07-26 20:00:00,1330,1394.47,1393.784
2024-07-26 21:00:00,1305,1362.57,1360.617
2024-07-26 22:00:00,1273,1327.87,1333.656
2024-07-26 23:00:00,1176,1261.17,1237.476
2024-07-27 00:00:00,1095,1171.47,1158.351
2024-07-27 01:00:00,1037,1042.67,1067.083
2024-07-27 02:00:00,1005,1015.17,1028.957
2024-07-27 03:00:00,990,999.07,1011.445
2024-07-27 04:00:00,982,990.57,999.946
2024-07-27 05:00:00,970,973.97,1006.147
2024-07-27 06:00:00,1006,1017.97,1115.203
2024-07-27 07:00:00,1079,1112.97,1196.392
2024-07-27 08:00:00,1172,1220.87,1238.786
2024-07-27 09:00:00,1252,1321.57,1262.137
2024-07-27 10:00:00,1292,1361.97,1267.334
2024-07-27 11:00:00,1303,1347.57,1311.065
2024-07-27 12:00:00,1307,1383.97,1361.938
2024-07-27 13:00:00,1298,1378.47,1372.094
2024-07-27 14:00:00,1279,1417.07,1388.457
2024-07-27 15:00:00,1281,1371.87,1276.484
2024-07-27 16:00:00,1281,1391.27,1311.474
2024-07-27 17:00:00,1286,1370.37,1285.987
2024-07-27 18:00:00,1284,1345.77,1252.797
2024-07-27 19:00:00,1281,1316.37,1295.333
2024-07-27 20:00:00,1265,1292.47,1274.563
2024-07-27 21:00:00,1260,1265.27,1267.496
2024-07-27 22:00:00,1235,1226.97,1250.975
2024-07-27 23:00:00,1156,1166.07,1171.109
2024-07-28 00:00:00,1079,1071.77,1093.336
2024-07-28 01:00:00,1029,1017.77,1043.002
2024-07-28 02:00:00,1002,1019.87,1009.874
2024-07-28 03:00:00,985,984.47,989.784
2024-07-28 04:00:00,977,970.57,980.761
2024-07-28 05:00:00,966,955.27,977.904
2024-07-28 06:00:00,998,998.37,1034.982
2024-07-28 07:00:00,1057,1077.47,1134.133
2024-07-28 08:00:00,1150,1174.17,1247.829
2024-07-28 09:00:00,1246,1256.57,1325.466
2024-07-28 10:00:00,1306,1327.37,1391.896
2024-07-28 11:00:00,1323,1379.77,1423.906
2024-07-28 12:00:00,1334,1385.37,1428.571
2024-07-28 13:00:00,1328,1374.27,1489.179
2024-07-28 14:00:00,1315,1396.87,1492.407
2024-07-28 15:00:00,1298,1337.87,1431.615
2024-07-28 16:00:00,1283,1372.97,1390.085
2024-07-28 17:00:00,1294,1384.57,1368.524
2024-07-28 18:00:00,1292,1390.57,1346.068
2024-07-28 19:00:00,1279,1344.27,1309.267
2024-07-28 20:00:00,1273,1371.37,1272.366
2024-07-28 21:00:00,1258,1362.57,1250.042
2024-07-28 22:00:00,1214,1335.97,1171.792
2024-07-28 23:00:00,1105,1150.07,1058.807
2024-07-29 00:00:00,1015,1092.47,999.22
2024-07-29 01:00:00,964,1017.17,950.374
2024-07-29 02:00:00,937,1052.07,925.728
2024-07-29 03:00:00,929,1005.67,916.906
2024-07-29 04:00:00,935,979.37,911.083
2024-07-29 05:00:00,968,1018.87,928.737
2024-07-29 06:00:00,1111,1211.57,1075.758
2024-07-29 07:00:00,1259,1420.47,1239.228
2024-07-29 08:00:00,1385,1585.07,1388.135
2024-07-29 09:00:00,1451,1558.07,1483.604
2024-07-29 10:00:00,1473,1570.77,1555.946
2024-07-29 11:00:00,1486,1560.77,1610.947
2024-07-29 12:00:00,1480,1578.37,1649.917
2024-07-29 13:00:00,1495,1635.67,1657.432
2024-07-29 14:00:00,1480,1620.77,1652.749
2024-07-29 15:00:00,1433,1561.97,1640.187
2024-07-29 16:00:00,1400,1504.97,1556.675
2024-07-29 17:00:00,1383,1403.17,1501.006
2024-07-29 18:00:00,1374,1432.77,1419.579
2024-07-29 19:00:00,1349,1428.57,1373.823
2024-07-29 20:00:00,1332,1403.17,1330.241
2024-07-29 21:00:00,1310,1399.67,1288.494
2024-07-29 22:00:00,1260,1325.77,1237.822
2024-07-29 23:00:00,1142,1269.07,1132.716
2024-07-30 00:00:00,1053,1161.77,1056.325
2024-07-30 01:00:00,1000,1083.77,1024.877
2024-07-30 02:00:00,973,1039.87,1002.803
2024-07-30 03:00:00,961,1021.47,1000.856
2024-07-30 04:00:00,966,1067.67,1000.464
2024-07-30 05:00:00,993,1094.37,1038.631
2024-07-30 06:00:00,1135,1239.27,1234.56
2024-07-30 07:00:00,1278,1394.77,1435.925
2024-07-30 08:00:00,1394,1500.37,1596.016
2024-07-30 09:00:00,1451,1540.47,1728.164
2024-07-30 10:00:00,1466,1660.47,1777.09
2024-07-30 11:00:00,1463,1711.37,1732.105
2024-07-30 12:00:00,1458,1669.57,1648.526
2024-07-30 13:00:00,1462,1632.97,1599.582
2024-07-30 14:00:00,1442,1577.87,1450.97
2024-07-30 15:00:00,1427,1619.57,1329.701
2024-07-30 16:00:00,1411,1466.67,1294.029
2024-07-30 17:00:00,1380,1393.87,1304.976
2024-07-30 18:00:00,1371,1357.47,1336.253
2024-07-30 19:00:00,1364,1338.07,1357.125
2024-07-30 20:00:00,1350,1375.47,1352.274
2024-07-30 21:00:00,1338,1380.47,1337.653
2024-07-30 22:00:00,1288,1360.87,1293.201
2024-07-30 23:00:00,1161,1292.27,1175.957
2024-07-31 00:00:00,1062,1179.67,1071.487
2024-07-31 01:00:00,1006,1062.07,1024.671
2024-07-31 02:00:00,977,993.97,1001.347
2024-07-31 03:00:00,963,990.97,988.071
2024-07-31 04:00:00,967,984.27,991.069
2024-07-31 05:00:00,994,1060.57,1040.408
2024-07-31 06:00:00,1136,1239.17,1249.35
2024-07-31 07:00:00,1279,1400.27,1426.514
2024-07-31 08:00:00,1392,1518.77,1495.171
2024-07-31 09:00:00,1441,1591.97,1480.296
2024-07-31 10:00:00,1445,1649.27,1425.99
2024-07-31 11:00:00,1448,1550.67,1393.08
2024-07-31 12:00:00,1448,1538.47,1366.626
2024-07-31 13:00:00,1461,1482.17,1377.202
2024-07-31 14:00:00,1454,1480.87,1327.916
2024-07-31 15:00:00,1442,1531.97,1302.644
2024-07-31 16:00:00,1418,1558.37,1269.762
2024-07-31 17:00:00,1390,1538.47,1282.048
2024-07-31 18:00:00,1392,1424.27,1375.467
2024-07-31 19:00:00,1379,1339.87,1398.227
2024-07-31 20:00:00,1366,1383.47,1380.603
2024-07-31 21:00:00,1353,1385.37,1368.231
2024-07-31 22:00:00,1298,1370.47,1315.471
2024-07-31 23:00:00,1171,1252.07,1206.045
2024-08-01 00:00:00,1072,1164.37,1092.78
2024-08-01 01:00:00,1016,1044.57,1029.842
2024-08-01 02:00:00,988,968.67,996.385
2024-08-01 03:00:00,976,1015.27,988.451
2024-08-01 04:00:00,980,1018.77,990.441
2024-08-01 05:00:00,1006,1042.97,1034.312
2024-08-01 06:00:00,1146,1185.07,1237.123
2024-08-01 07:00:00,1285,1346.17,1436.892
2024-08-01 08:00:00,1398,1447.17,1560.543
2024-08-01 09:00:00,1449,1587.47,1520.493
2024-08-01 10:00:00,1456,1601.87,1388.642
2024-08-01 11:00:00,1460,1595.67,1368.932
2024-08-01 12:00:00,1459,1616.77,1407.845
2024-08-01 13:00:00,1475,1561.77,1403.419
2024-08-01 14:00:00,1459,1548.47,1330.926
2024-08-01 15:00:00,1453,1523.27,1290.589
2024-08-01 16:00:00,1430,1478.57,1329.652
2024-08-01 17:00:00,1406,1398.87,1370.935
2024-08-01 18:00:00,1398,1342.57,1376.124
2024-08-01 19:00:00,1382,1312.37,1404.222
2024-08-01 20:00:00,1371,1336.67,1394.033
2024-08-01 21:00:00,1359,1340.37,1381.107
2024-08-01 22:00:00,1301,1317.57,1325.9
2024-08-01 23:00:00,1173,1207.97,1193.315
2024-08-02 00:00:00,1080,1086.97,1095.562
2024-08-02 01:00:00,1023,1017.57,1044.635
2024-08-02 02:00:00,991,1022.17,1013.187
2024-08-02 03:00:00,982,1013.07,998.6
2024-08-02 04:00:00,985,1000.77,1005.301
2024-08-02 05:00:00,1011,1031.47,1058.213
2024-08-02 06:00:00,1146,1169.27,1260.611
2024-08-02 07:00:00,1283,1297.17,1419.036
2024-08-02 08:00:00,1393,1390.77,1478.719
2024-08-02 09:00:00,1438,1471.57,1520.342
2024-08-02 10:00:00,1450,1518.27,1480.191
2024-08-02 11:00:00,1468,1562.07,1412.797
2024-08-02 12:00:00,1462,1559.77,1401.221
2024-08-02 13:00:00,1466,1519.57,1419.207
2024-08-02 14:00:00,1447,1522.07,1400.967
2024-08-02 15:00:00,1417,1487.57,1349.348
2024-08-02 16:00:00,1390,1441.37,1312.301
2024-08-02 17:00:00,1384,1423.97,1336.483
2024-08-02 18:00:00,1367,1435.27,1344.103
2024-08-02 19:00:00,1348,1355.27,1368.047
2024-08-02 20:00:00,1322,1347.27,1356.793
2024-08-02 21:00:00,1298,1341.47,1345.23
2024-08-02 22:00:00,1259,1301.37,1293.264
2024-08-02 23:00:00,1155,1218.77,1188.344
2024-08-03 00:00:00,1078,1111.57,1097.657
2024-08-03 01:00:00,1021,1044.87,1034.643
2024-08-03 02:00:00,988,1002.17,1005.554
2024-08-03 03:00:00,973,982.67,991.759
2024-08-03 04:00:00,965,968.97,984.537
2024-08-03 05:00:00,957,954.77,998.548
2024-08-03 06:00:00,992,995.27,1101.002
2024-08-03 07:00:00,1061,1085.87,1171.242
2024-08-03 08:00:00,1153,1181.97,1211.876
2024-08-03 09:00:00,1230,1280.97,1252.813
2024-08-03 10:00:00,1270,1352.77,1226.878
2024-08-03 11:00:00,1280,1292.37,1218.295
2024-08-03 12:00:00,1279,1435.57,1211.74
2024-08-03 13:00:00,1270,1417.57,1188.937
2024-08-03 14:00:00,1252,1376.57,1158.201
2024-08-03 15:00:00,1235,1363.07,1152.527
2024-08-03 16:00:00,1239,1339.57,1146.153
2024-08-03 17:00:00,1232,1344.17,1197.003
2024-08-03 18:00:00,1237,1317.17,1250.024
2024-08-03 19:00:00,1228,1294.87,1231.469
2024-08-03 20:00:00,1222,1237.77,1229.177
2024-08-03 21:00:00,1219,1208.77,1238.299
2024-08-03 22:00:00,1191,1184.97,1210.918
2024-08-03 23:00:00,1108,1129.97,1122.853
2024-08-04 00:00:00,1032,1070.27,1044.106
2024-08-04 01:00:00,981,1006.37,985.591
2024-08-04 02:00:00,951,973.27,960.943
2024-08-04 03:00:00,932,952.87,942.579
2024-08-04 04:00:00,921,950.87,937.133
2024-08-04 05:00:00,913,926.27,947.181
2024-08-04 06:00:00,938,953.77,1035.039
2024-08-04 07:00:00,992,1015.07,1123.973
2024-08-04 08:00:00,1084,1104.07,1191.823
2024-08-04 09:00:00,1171,1174.67,1251.825
2024-08-04 10:00:00,1220,1295.27,1182.314
2024-08-04 11:00:00,1234,1367.87,1131.386
2024-08-04 12:00:00,1241,1351.47,1143.834
2024-08-04 13:00:00,1235,1336.67,1158.002
2024-08-04 14:00:00,1225,1310.77,1180.4
2024-08-04 15:00:00,1224,1284.47,1157.746
2024-08-04 16:00:00,1225,1414.97,1206.13
2024-08-04 17:00:00,1240,1280.27,1283.459
2024-08-04 18:00:00,1249,1262.37,1300.518
2024-08-04 19:00:00,1263,1271.67,1292.218
2024-08-04 20:00:00,1267,1275.77,1289.786
2024-08-04 21:00:00,1271,1272.67,1304.891
2024-08-04 22:00:00,1225,1242.07,1254.759
2024-08-04 23:00:00,1115,1152.57,1145.987
2024-08-05 00:00:00,1031,1056.87,1053.879
2024-08-05 01:00:00,984,989.87,1003.048
2024-08-05 02:00:00,960,966.37,980.536
2024-08-05 03:00:00,949,948.27,965.888
2024-08-05 04:00:00,957,949.37,962.938
2024-08-05 05:00:00,993,979.17,1007.033
2024-08-05 06:00:00,1129,1123.77,1174.253
2024-08-05 07:00:00,1274,1310.97,1372.376
2024-08-05 08:00:00,1402,1422.87,1554.226
2024-08-05 09:00:00,1464,1484.17,1641.189
2024-08-05 10:00:00,1482,1536.17,1644.898
2024-08-05 11:00:00,1492,1549.27,1623.394
2024-08-05 12:00:00,1481,1577.67,1626.234
2024-08-05 13:00:00,1488,1587.27,1599.076
2024-08-05 14:00:00,1447,1549.97,1592.577
2024-08-05 15:00:00,1412,1513.97,1509.218
2024-08-05 16:00:00,1380,1476.47,1452.195
2024-08-05 17:00:00,1367,1446.77,1455.081
2024-08-05 18:00:00,1362,1445.67,1459.751
2024-08-05 19:00:00,1349,1392.47,1449.13
2024-08-05 20:00:00,1335,1444.07,1436.532
2024-08-05 21:00:00,1318,1370.97,1426.856
2024-08-05 22:00:00,1255,1354.47,1359.676
2024-08-05 23:00:00,1137,1177.27,1225.737
2024-08-06 00:00:00,1057,1080.17,1126.001
2024-08-06 01:00:00,1003,1063.27,1055.663
2024-08-06 02:00:00,977,1024.67,1027.069
2024-08-06 03:00:00,966,1006.77,1009.268
2024-08-06 04:00:00,968,1003.87,1012.207
2024-08-06 05:00:00,999,1024.07,1049.713
2024-08-06 06:00:00,1136,1147.87,1248.328
2024-08-06 07:00:00,1273,1312.97,1457.89
2024-08-06 08:00:00,1386,1413.67,1547.864
2024-08-06 09:00:00,1439,1494.77,1530.779
2024-08-06 10:00:00,1445,1532.47,1509.868
2024-08-06 11:00:00,1448,1459.87,1503.927
2024-08-06 12:00:00,1451,1532.37,1427.399
2024-08-06 13:00:00,1464,1524.27,1396.251
2024-08-06 14:00:00,1450,1499.37,1354.304
2024-08-06 15:00:00,1437,1486.97,1396.58
2024-08-06 16:00:00,1412,1402.17,1385.71
2024-08-06 17:00:00,1394,1429.47,1348.652
2024-08-06 18:00:00,1388,1400.37,1429.687
2024-08-06 19:00:00,1383,1419.47,1440.147
2024-08-06 20:00:00,1375,1449.47,1433.284
2024-08-06 21:00:00,1360,1424.57,1433.807
2024-08-06 22:00:00,1293,1462.67,1372.261
2024-08-06 23:00:00,1169,1267.97,1228.4
2024-08-07 00:00:00,1067,1110.57,1138.469
2024-08-07 01:00:00,1010,1057.37,1070.809
2024-08-07 02:00:00,982,1022.47,1037.198
2024-08-07 03:00:00,968,1010.37,1019.287
2024-08-07 04:00:00,969,1012.97,1025.353
2024-08-07 05:00:00,999,1035.67,1063.179
2024-08-07 06:00:00,1135,1170.87,1223.079
2024-08-07 07:00:00,1274,1302.37,1406.789
2024-08-07 08:00:00,1391,1422.07,1587.433
2024-08-07 09:00:00,1447,1469.67,1680.857
2024-08-07 10:00:00,1456,1504.77,1584.241
2024-08-07 11:00:00,1460,1559.07,1517.64
2024-08-07 12:00:00,1456,1559.67,1476.303
2024-08-07 13:00:00,1465,1574.17,1494.295
2024-08-07 14:00:00,1448,1532.47,1458.386
2024-08-07 15:00:00,1438,1512.87,1415.569
2024-08-07 16:00:00,1412,1512.27,1397.324
2024-08-07 17:00:00,1395,1470.77,1369.582
2024-08-07 18:00:00,1392,1450.57,1377.931
2024-08-07 19:00:00,1386,1406.87,1441.374
2024-08-07 20:00:00,1377,1428.87,1435.47
2024-08-07 21:00:00,1365,1416.27,1432.569
2024-08-07 22:00:00,1294,1382.57,1360.02
2024-08-07 23:00:00,1171,1290.97,1230.916
2024-08-08 00:00:00,1070,1128.77,1130.803
2024-08-08 01:00:00,1016,1063.07,1072.767
2024-08-08 02:00:00,989,1027.87,1038.487
2024-08-08 03:00:00,977,1014.87,1026.16
2024-08-08 04:00:00,978,1003.07,1030.231
2024-08-08 05:00:00,1007,1033.07,1071.097
2024-08-08 06:00:00,1142,1179.47,1253.435
2024-08-08 07:00:00,1278,1320.87,1400.461
2024-08-08 08:00:00,1392,1443.87,1442.629
2024-08-08 09:00:00,1445,1508.97,1492.036
2024-08-08 10:00:00,1454,1511.17,1509.131
2024-08-08 11:00:00,1464,1518.37,1528.902
2024-08-08 12:00:00,1468,1570.77,1497.119
2024-08-08 13:00:00,1484,1609.37,1526.98
2024-08-08 14:00:00,1471,1582.77,1464.634
2024-08-08 15:00:00,1458,1522.77,1468.205
2024-08-08 16:00:00,1430,1471.37,1458.031
2024-08-08 17:00:00,1417,1474.77,1513.201
2024-08-08 18:00:00,1411,1463.37,1493.825
2024-08-08 19:00:00,1402,1416.27,
2024-08-08 20:00:00,1393,1414.67,
2024-08-08 21:00:00,1377,1410.47,
2024-08-08 22:00:00,1305,1351.87,
2024-08-08 23:00:00,1182,1229.57,
